var,label,dom,c2023,n_waves
SEX,응답자 성별,기타,1.0,4
AGE,응답자 연령,기타,1.0,4
MARITAL,응답자 혼인상태,기타,1.0,4
EMPLY,응답자 취업 여부,기타,1.0,4
EDUC,응답자 학력: 최종학교,교육,1.0,4
GRADUATE,응답자 학력: 최종학교 졸업여부,교육,0.98,4
SPEDUC,배우자 학력: 최종학교,교육,0.65,4
SPGRAD,배우자 학력: 최종학교 졸업여부,교육,0.64,4
PAEDUC,부친 학력: 최종학교,교육,0.96,4
PAGRAD,부친 학력: 최종학교 졸업여부,교육,0.85,4
MAEDUC,모친 학력: 최종학교,교육,0.97,4
MAGRAD,모친 학력: 최종학교 졸업여부,교육,0.78,4
FBIRTHPL,아버지 태어난 국가,이민·다문화·국가정체성,1.0,4
MBIRTHPL,어머니 태어난 국가,이민·다문화·국가정체성,1.0,4
FAMILY16,부모 동거 여부: 16살,가족·젠더·출산,1.0,3
PAIND16A,"부친 산업_R16세 당시 (KSIC_9, 1자리)",기타,0.87,3
PAIND16B,"부친 산업_R16세 당시 (KSIC_9, 2자리)",기타,0.85,3
PAOCC16A,"부친 직업_R16세 당시 (KSCO_6, 1자리)",노동·직업,0.88,3
PAOCC16B,"부친 직업_R16세 당시 (KSCO_6, 2자리)",노동·직업,0.88,3
PAOCC16C,"부친 직업_R16세 당시 (KSCO_6, 3자리)",노동·직업,0.88,3
PAOCC16D,"부친 직업_R16세 당시 (KSCO_6, 4자리)",노동·직업,0.88,3
PAOCC16E,"부친 직업_R16세 당시 (KSCO_6, 5자리)",노동·직업,0.88,2
EMPED,응답자 (취업시) 피고용 여부,노동·직업,0.65,4
NUMSUP,응답자 (취업시) 부하직원 수,기타,0.6,3
RINCOM0,"응답자 (취업시) 월평균 근로소득(연속형, 만원)",노동·직업,0.64,4
RINCOME,응답자 (취업시) 월평균 근로소득(범주형),노동·직업,0.64,4
RXTINC,응답자 (취업시) 근로외 소득 유무,노동·직업,0.65,4
RXTINC0,"응답자 (취업시) 월평균 근로외 소득(연속형, 만원)",노동·직업,0.64,4
RXTINCM,응답자 (취업시) 월평균 근로외 소득(범주형),노동·직업,0.64,4
INDUSTRY,응답자 산업 (ISIC_3),기타,0.81,4
INDUS08,응답자 산업 (ISIC_4),기타,0.81,4
INDUS16A,"응답자 산업 (KSIC_9, 1자리)",기타,0.82,4
INDUS16B,"응답자 산업 (KSIC_9, 2자리)",기타,0.81,4
OCC,응답자 직업 (ISCO88),노동·직업,0.84,4
OCC08,응답자 직업 (ISCO08),노동·직업,0.84,4
OCC16A,"응답자 직업 (KSCO_6, 1자리)",노동·직업,0.84,4
OCC16B,"응답자 직업 (KSCO_6, 2자리)",노동·직업,0.84,4
OCC16C,"응답자 직업 (KSCO_6, 3자리)",노동·직업,0.84,4
OCC16D,"응답자 직업 (KSCO_6, 4자리)",노동·직업,0.84,4
OCC16E,"응답자 직업 (KSCO_6, 5자리)",노동·직업,0.84,4
SPINCMR,배우자 취업 여부,기타,0.65,4
SPIND,배우자 산업 (ISIC_3),기타,0.52,1
SPIND08,배우자 산업 (ISIC_4),기타,0.52,1
SPIND16A,"배우자 산업 (KSIC_9, 1자리)",기타,0.54,2
SPIND16B,"배우자 산업 (KSIC_9, 2자리)",기타,0.52,1
SPOCC,배우자 직업 (ISCO88),노동·직업,0.55,2
SPOCC08,배우자 직업 (ISCO08),노동·직업,0.55,2
SPOCC16A,"배우자 직업 (KSCO_6, 1자리)",노동·직업,0.55,2
SPOCC16B,"배우자 직업 (KSCO_6, 2자리)",노동·직업,0.55,1
SPOCC16C,"배우자 직업 (KSCO_6, 3자리)",노동·직업,0.55,1
SPOCC16D,"배우자 직업 (KSCO_6, 4자리)",노동·직업,0.55,1
SPOCC16E,"배우자 직업 (KSCO_6, 5자리)",노동·직업,0.55,1
INCOM0,"월평균 가구소득(연속형, 만원)",기타,0.96,4
INCOME,월평균 가구소득(범주형),기타,0.96,4
SATFIN,가계 상태 만족도,건강·생활·행복,1.0,4
FINREL05,주관적 가구소득 수준 평가(2005년도),기타,0.99,3
FINPROS,가계 경제 상태 전망(10년 이내),경제·복지·세금·불평등,0.99,3
PARSOL,부모세대 대비 생활수준 변화,가족·젠더·출산,0.99,3
URBRURAL,거주지역 규모에 대한 주관적 평가,지역·주거·교통·개발,1.0,4
HOUSTYPE,주택 종류,지역·주거·교통·개발,1.0,4
HOUSOWNS,주택 형태,지역·주거·교통·개발,1.0,4
RETURNFM,귀농생활,기타,0.98,2
BESTFRND,믿어주는 친구,신뢰·기관·사회자본,0.95,3
OTHERS1,나보다 불행한 사람을 보면 동정심이 생기고 걱정이 된다,기타,1.0,2
OTHERS2,이용당하는 사람을 보면 보호하고 싶은 생각이 든다,기타,1.0,2
HELPFUL,이타주의와 이기주의에 대한 평가,기타,1.0,4
MORALBRN,개인의 도덕성 결정 요인,기타,0.0,2
INDDIFF,생계 어려움의 원인: 개인적인 노력이나 능력 때문 / 정치 사회적 제도 때문,정치·정부·민주주의,1.0,2
HAPPINSS,행복감,건강·생활·행복,1.0,3
RELIG,응답자 종교,종교·전통,0.99,4
ATTEND,응답자 종교집회 참석 빈도,종교·전통,0.98,4
RITGRV23,의례 빈도1: 묘(납골당) 방문,기타,1.0,2
CONFULIV,유교적인 삶 여부,기타,0.96,3
RELIABLE,사회에 대한 신뢰,신뢰·기관·사회자본,1.0,4
CONBUS,기관 지도층에 대한 신뢰1: 대기업,신뢰·기관·사회자본,0.99,4
CONCLERG,기관 지도층에 대한 신뢰2: 종교계,종교·전통,0.99,4
CONEDUC,기관 지도층에 대한 신뢰3: 교육계,신뢰·기관·사회자본,0.99,4
CONLABOR,기관 지도층에 대한 신뢰4: 노동조합,노동·직업,0.96,4
CONPRESS,기관 지도층에 대한 신뢰5: 신문사,신뢰·기관·사회자본,0.98,4
CONTV,기관 지도층에 대한 신뢰6: TV 방송국,신뢰·기관·사회자본,0.99,4
CONMEDIC,기관 지도층에 대한 신뢰7: 의료계,신뢰·기관·사회자본,1.0,4
CONGOVT,기관 지도층에 대한 신뢰8: 중앙 정부 부처,정치·정부·민주주의,0.98,4
CONLGOVT,기관 지도층에 대한 신뢰9: 지방 자치 정부,정치·정부·민주주의,0.98,4
CONLEGIS,기관 지도층에 대한 신뢰10: 국회,정치·정부·민주주의,0.96,4
CONJUDGE,기관 지도층에 대한 신뢰11: 대법원,신뢰·기관·사회자본,0.98,4
CONSCI,기관 지도층에 대한 신뢰12: 학계,신뢰·기관·사회자본,0.99,4
CONARMY,기관 지도층에 대한 신뢰13: 군대,신뢰·기관·사회자본,0.99,4
CONFINAN,기관 지도층에 대한 신뢰14: 금융기관,신뢰·기관·사회자본,0.99,4
CONBLUHO,기관 지도층에 대한 신뢰15: 대통령실,정치·정부·민주주의,0.98,4
CONCSO,기관 지도층에 대한 신뢰16: 시민운동단체,신뢰·기관·사회자본,0.97,4
CONRCH,기관 지도층에 대한 신뢰17: 여론조사기관,신뢰·기관·사회자본,0.98,4
CONPROS,기관 지도층에 대한 신뢰18: 검찰청,신뢰·기관·사회자본,0.99,3
CONSTAT,기관 지도층에 대한 신뢰19: 통계청,신뢰·기관·사회자본,0.99,3
CONELEC,기관 지도층에 대한 신뢰20: 중앙선거관리위원회,정치·정부·민주주의,0.98,2
TRUSTCON,국회 신뢰도,정치·정부·민주주의,0.0,2
PARTYLR,"정치적 진보, 보수 성향",정치·정부·민주주의,0.97,4
VOTE22,2022년 제8회 전국동시지방선거 투표 여부,정치·정부·민주주의,0.99,1
VOTE221,2022년 제8회 전국동시지방선거에서 투표한 후보의 정당,정치·정부·민주주의,0.79,1
CURGOV,현 정권의 국정운영 전반에 대한 평가,기타,0.99,2
AUTHORT4,우리나라에 필요한 것은 인권보장이 아니라 법질서,기타,0.99,2
AUTHORT7,우리나라에 필요한 것은 질서정연한 국민,기타,0.99,2
ELECNOAT,선출된 사람들의 말과 행동,기타,1.0,2
SATPOL,한국 정치 상황에 대한 만족도,정치·정부·민주주의,0.99,4
NORTHWHO,북한에 대한 인식,통일·북한·안보,0.98,4
SEDISTAN,국가선호도: 가장 친밀하게 느끼는 국가,이민·다문화·국가정체성,0.95,4
WARPOS,한반도의 전쟁 가능성,기타,0.97,4
UNIFI,남북통일의 필요성,통일·북한·안보,0.99,4
MINILIFE,기본소득제도 도입에 대한 찬반 의견,경제·복지·세금·불평등,0.0,2
CHDOROLD,어린이 정책 또는 노인 정책 중 우선순위,기타,0.98,3
REBORNKR,다시 태어나고 싶은 나라: 대한민국 / 다른나라,기타,0.97,3
INTRESTM,응답자 하루평균 인터넷 사용시간: 시간,미디어·인터넷·정보,0.99,1
INTRESMN,응답자 하루평균 인터넷 사용시간: 분,미디어·인터넷·정보,0.99,1
SNSTM,SNS 하루평균 사용시간: 시간,미디어·인터넷·정보,0.85,1
SNSMN,SNS 하루평균 사용시간: 분,미디어·인터넷·정보,0.85,1
INTMAIL16,인터넷 서비스별 이용 여부 및 빈도1: 이메일,미디어·인터넷·정보,0.88,1
INTSNS16,인터넷 서비스별 이용 여부 및 빈도2: SNS,미디어·인터넷·정보,0.89,1
REDINTER,지난 1년간 인터넷 사용 시간을 줄이려고 한 빈도,미디어·인터넷·정보,0.89,2
SUCCEMP1,성공적인 직원의 이미지1: 장시간 근무,기타,0.0,2
SUCCEMP2,성공적인 직원의 이미지2: 기꺼이 야근,기타,0.0,2
SUCCEMP3,성공적인 직원의 이미지3: 근무시간 후 연락,기타,0.0,2
SUCCEMP4,성공적인 직원의 이미지4: 가족을 위한 휴가,가족·젠더·출산,0.0,2
SUCCEMP5,성공적인 직원의 이미지5: 사내 행사나 부서 회식 적극적 참여,기타,0.0,2
SUCCEMPM,성공적인 직원의 이미지와 R이 가까운 정도,기타,0.0,2
POLLATT4,여론조사에 대한 의견4: 투표할 때 여론조사결과 참조 정도,정치·정부·민주주의,0.99,3
POLLRELI,선거여론조사 결과에 대한 신뢰,정치·정부·민주주의,0.98,2
POLLIMPO,여론조사 즐거움3: 조사 자체의 흥미로움,기타,0.0,2
EPOLLENJY,선거여론조사 즐거움1: 인터넷을 통한 설문 응답의 즐거움,정치·정부·민주주의,0.98,1
EPOLLINTE,선거여론조사 즐거움2: 면접원에게 질문 받는 것의 즐거움,정치·정부·민주주의,0.99,1
EPOLLIMPO,선거여론조사 즐거움3: 조사 자체의 흥미로움,정치·정부·민주주의,0.99,1
POLLSOCI,여론조사 가치1: 사회에 중요,기타,0.0,2
EPOLLSOCI,선거여론조사 가치1: 사회에 중요,정치·정부·민주주의,1.0,1
EPOLLUSEF,선거여론조사 가치2: 유용한 정보 제공,정치·정부·민주주의,0.99,1
EPOLLTIME,선거여론조사 가치3: 시간 낭비,정치·정부·민주주의,1.0,1
POLLREQU,여론조사 부담1: 너무 많은 조사 참여 요청,기타,0.0,2
EPOLLREQU,선거여론조사 부담1: 너무 많은 조사 참여 요청,정치·정부·민주주의,0.99,1
EPOLLPRIV,선거여론조사 부담2: 사생활 침해,정치·정부·민주주의,1.0,1
EPOLLTIRD,선거여론조사 부담3: 너무 많은 질문에 대한 대답,정치·정부·민주주의,0.99,1
POLLWRRY,선거여론조사의 개인정보 보안에 대한 우려,정치·정부·민주주의,0.99,2
POLLNEUT,선거여론조사 기관의 정치적 중립성에 대한 인식,정치·정부·민주주의,0.96,2
SURVEYN,"지난 6개월 동안 전화, 인터넷, 면접설문 조사 요청 받은 경험 유무",미디어·인터넷·정보,0.0,2
ESURVEYN,선거여론조사 참여 요청 경험,정치·정부·민주주의,0.99,1
ESURAGIN,선거여론조사 참여 의향,정치·정부·민주주의,0.95,1
DIGDAILY,디지털 어려움1: 디지털 기기 이용,기타,0.99,1
DIGINTER,디지털 어려움2: 온라인 생활서비스 이용,기타,0.99,1
DIGONLIN,디지털 어려움3: 온라인 민원 의견 피력,기타,0.98,1
DIGINFOR,디지털 어려움4: 필요한 정보 습득,미디어·인터넷·정보,0.99,1
RESSECUR,거주 지역 치안 수준,지역·주거·교통·개발,1.0,2
NOTIME1M,지난 한 달간 삶에 여유가 없었던 경험,기타,1.0,1
TIRED1M,지난 한 달간 일로 인해 지쳤던 경험,기타,0.99,1
ANGER1W,지난 한 주간 분노를 조절할 수 없었던 경험,기타,1.0,1
NOCAPPRO,나는 인생에서 부딪히는 거의 모든 문제들을 다룰 능력이 없는 것 같다,기타,1.0,1
UNEASABL,나는 어떤 일을 할 수 있는 내 능력에 불안함을 느낄 때가 많다,기타,1.0,1
BURDNEVR,매일매일 해야 하는 일들이 버겁다,기타,1.0,1
NOFUTURE,그저 하루하루를 살아가고 있을 뿐 장래에 대해서는 생각하지 않는다,기타,1.0,1
SOCNET10,친구·친척·지인 관계에 대한 만족,건강·생활·행복,1.0,2
LTIME1YR,여가생활 어려움,건강·생활·행복,1.0,2
HEALTH23,주관적 건강 상태,건강·생활·행복,1.0,2
GOHOSP1M,지난 한 달간 내원 횟수,기타,1.0,1
DISABIL1,보유 장애1: 해당 없음,기타,1.0,2
DISABIL2,보유 장애2: 지체장애,기타,1.0,2
DISABIL3,"보유 장애3: 뇌병변 장애(뇌손상, 뇌성마비, 뇌졸중)",기타,1.0,2
DISABIL4,보유 장애4: 시각장애,기타,1.0,2
DISABIL5,보유 장애5: 청각장애,기타,1.0,2
DISABIL6,보유 장애6: 언어장애,기타,1.0,2
DISABIL7,보유 장애7: 기타(구체적으로: ),기타,1.0,2
ACTIFDIS,귀하는 사회에 대해 불만이 있는 경우에 어떻게 하십니까?,기타,0.99,1
AIHUMAN,"인생에서 중대한 결정을 내릴 때, ‘AI(인공지능)’와 ‘사람’ 중 어느 쪽의 조언을 참고하고 싶습니까?",기타,0.97,1
REWDEFFT,다음 중 어떤 의견이 귀하의 생각에 가장 가까운지 말씀해 주십시오,기타,0.99,1
LIKEHELP,다음의 두 가지 생활 방식 중 귀하의 의견은 어느 쪽에 가깝습니까?,기타,0.98,1
LAGBEHIN,귀하는 지금까지 자신이 세상에서 뒤처져 있다고 느낀 적이 있습니까?,기타,0.95,1
BORNMFM,귀하는 다시 태어난다면 어느 성별로 태어나고 싶습니까?,기타,0.91,2
HATOPSEX,이성에 대한 혐오: 귀하께서는 한국 사회에 이성(남성과 여성)에 대한 혐오가 어느 정도 심각하다고 생각하십니,가족·젠더·출산,1.0,2
GOODDEED,인생은 선한 일을 하면 복을 받고 악한 일을 하면 벌을 받는다,기타,1.0,2
LUCKEFFO,인생은 노력보다 운이 더 중요하다,기타,1.0,2
KGSSAGIN,한국종합사회조사 응답대상자로 재선정될 경우 설문에 응할 의향,기타,0.0,2
KRCITIZN,국가자긍심1: 나는 어떤 다른 나라 사람이기보다도 한국인이고 싶다,이민·다문화·국가정체성,1.0,1
KRSHAMED,국가자긍심2: 오늘날 한국에는 내가 한국을 부끄럽게 여기도록 만드는 것이 있다,종교·전통,1.0,1
BELIKEKR,국가자긍심3: 다른 나라 사람이 한국 사람만 같다면 세계는 더 좋아질 수 있을 것이다,이민·다문화·국가정체성,0.99,1
KRBETTER,"국가자긍심4: 일반적으로 말해서, 한국은 대부분의 다른 나라보다 더 좋은 나라이다",이민·다문화·국가정체성,1.0,1
IFWRONG,국가자긍심5: 국민은 자기 나라가 잘못 되더라도 자기 나라를 지지해야 한다,이민·다문화·국가정체성,1.0,1
PROUDDEM,한국의 민주주의에 대한 자긍심,정치·정부·민주주의,0.99,2
PROUDPOL,한국의 국제 정치 영향력에 대한 자긍심,정치·정부·민주주의,0.99,2
PROUDECO,한국의 경제적 성취에 대한 자긍심,경제·복지·세금·불평등,0.99,2
PROUDSSS,한국의 사회보장제도에 대한 자긍심,이민·다문화·국가정체성,0.99,2
PROUDSCI,한국의 과학기술 성취에 대한 자긍심,이민·다문화·국가정체성,1.0,2
PROUDSPT,한국의 스포츠 성취에 대한 자긍심,이민·다문화·국가정체성,1.0,2
PROUDART,한국의 예술과 문학 성취에 대한 자긍심,이민·다문화·국가정체성,1.0,2
PROUDMIL,한국의 군사력에 대한 자긍심,이민·다문화·국가정체성,0.99,2
PROUDHIS,한국의 역사에 대한 자긍심,이민·다문화·국가정체성,0.99,2
PROUDGRP,한국사회의 공정성에 대한 자긍심,신뢰·기관·사회자본,0.99,2
KRBORNIN,한국인 자격요건1: 한국에서 태어나는 것,이민·다문화·국가정체성,1.0,1
KRCIT,한국인 자격요건2: 한국국적을 갖는것,이민·다문화·국가정체성,1.0,1
KRCONFUC,한국인 자격요건5: 유교의 가르침을 따르는 것,이민·다문화·국가정체성,0.99,1
KRGOVT,한국인 자격요건6: 한국의 정치제도와 법을 존중하는 것,정치·정부·민주주의,1.0,1
KRFEEL,한국인 자격요건7: 한국인임을 느끼는 것,이민·다문화·국가정체성,1.0,1
KRANCSTR,한국인 자격요건8: 한국인 조상을 가지고 있는것,종교·전통,1.0,1
IMPORTS,국제관계에 대한 의견1: 국가경제를 보호하기 위해 외국상품 수입 제한,경제·복지·세금·불평등,1.0,2
WRLDGOVT,국제관계에 대한 의견2: 환경문제 해결을 위해 국제기구에 권한 부여,환경·에너지·원자력,1.0,1
KROWNWAY,국제관계에 대한 의견3: 다른 나라와 갈등이 일어나더라도 국익 추구,기타,1.0,1
FORLAND,국제관계에 대한 의견4: 외국인의 토지 매입 불허,이민·다문화·국가정체성,1.0,1
KRTV,국제관계에 대한 의견5: TV 방송은 한국 영화와 프로그램을 우선적으로 배려,미디어·인터넷·정보,1.0,1
INTLINCS,국제개방에 대한 의견1: 외국회사는 한국 경제에 해로운 영향,정치·정부·민주주의,0.99,1
IMMCRIME,외국인 이민자에 대한 의견1: 범죄율 상승,이민·다문화·국가정체성,0.99,1
IMMECON,외국인 이민자에 대한 의견2: 한국 경제 도움,경제·복지·세금·불평등,1.0,1
IMMJOBS,외국인 이민자에 대한 의견3: 내국인 직업 박탈,노동·직업,1.0,1
KORORFOR,외국인 이민자에 대한 의견5: 사회권 부여 우선권,이민·다문화·국가정체성,1.0,1
LETIN1,외국인 이민자 수 억제에 대한 의견,이민·다문화·국가정체성,0.97,1
ACPTCULT,이민자의 고유문화 고수와 한국문화 수용에 대한 의견,이민·다문화·국가정체성,0.98,1
KRPROUD,국가자긍심,이민·다문화·국가정체성,0.99,4
CITZKR,한국 국적 소유 여부,기타,1.0,1
TRUEKOR,한국인이 되기 위한 자격요건에 대한 의견,이민·다문화·국가정체성,0.98,1
HAVCNTRY,모든 민족에 국가가 필요한지에 대한 의견,이민·다문화·국가정체성,0.98,1
NOIMMIGR,모든 민족이 자신의 국가에 거주하는 것에 대한 의견,이민·다문화·국가정체성,0.99,1
BEFAIR,사람들의 공정성에 대한 평가,신뢰·기관·사회자본,0.98,1
CANTRUST,사람들에 대한 신뢰,신뢰·기관·사회자본,0.99,4
PAYTAXES,시민 덕목 중요성에 대한 인식2: 납세,기타,1.0,1
OBEYLAWS,시민 덕목 중요성에 대한 인식3: 법과 규칙 준수,기타,1.0,1
WATCHGOV,시민 덕목 중요성에 대한 인식4: 정부 일에 대한 관심,정치·정부·민주주의,1.0,1
HELPKR,시민 덕목 중요성에 대한 인식8: 국내 빈곤층 원조,경제·복지·세금·불평등,1.0,1
MILSERVE,시민 덕목 중요성에 대한 인식10: 병역의무 이행,기타,0.98,1
SOLOK,시민 권리 중요성에 대한 인식1: 적정 생활수준 유지,기타,1.0,1
RGHTSMIN,시민 권리 중요성에 대한 인식2: 정부의 소수자 집단 권리 존중과 보호,정치·정부·민주주의,1.0,1
POLOPTS,시민 권리 중요성에 대한 인식5: 공공정책 결정 시 국민 참여,신뢰·기관·사회자본,1.0,1
OPPSEGOV,시민 권리 중요성에 대한 인식6: 대정부 불복종운동 참가,정치·정부·민주주의,0.99,1
POLEFF11,정치적 효능감1: 정부 일에 대한 나의 영향력,정치·정부·민주주의,0.99,1
POLEFF18,정치적 효능감2: 내 의견에 대한 정부의 관심,정치·정부·민주주의,0.99,1
LEFTRIGT,정치적 좌파우파_Self-Identification,정치·정부·민주주의,0.93,2
MEDIAPOL,정치 뉴스나 정보를 얻기 위해 대중매체를 이용하는 빈도,정치·정부·민주주의,1.0,1
SERVEPEO,행정기관의 대민 봉사에 대한 평가,신뢰·기관·사회자본,0.99,1
CORRUPTN,행정기관의 부패에 대한 평가,정치·정부·민주주의,0.99,1
DEMTODAY,한국의 민주주의 실현 정도에 대한 평가,정치·정부·민주주의,1.0,2
DEM10PST,10년 전 한국의 민주주의 실현 정도에 대한 평가,정치·정부·민주주의,0.99,1
DEM10FUT,10년 후 한국의 민주주의 실현 정도에 대한 전망,정치·정부·민주주의,0.99,1
PEOPLDEC,중요 정책 결정 주체에 대한 인식,기타,1.0,2
UPPERCL1,일반 시민과 권력 집단 간 갈등에 대한 인식,기타,1.0,1
UPPERCL2,사업가에 대한 인식,기타,1.0,1
UPPERCL3,전문가 의견에 대한 인식,기타,1.0,1
MEDIABIA,언론 보도 편향에 대한 인식,미디어·인터넷·정보,0.99,1
INCMR,응답자 취업 여부,기타,1.0,4
GOVSPD1,정부지출의 증감1: 환경,정치·정부·민주주의,1.0,4
GOVSPD2,정부지출의 증감2: 보건,정치·정부·민주주의,1.0,4
GOVSPD3,정부지출의 증감3: 치안,정치·정부·민주주의,1.0,4
GOVSPD4,정부지출의 증감4: 교육,정치·정부·민주주의,1.0,4
GOVSPD5,정부지출의 증감5: 국방,정치·정부·민주주의,1.0,4
GOVSPD6,정부지출의 증감6: 노인연금,정치·정부·민주주의,1.0,4
GOVSPD7,정부지출의 증감7: 실업수당,정치·정부·민주주의,0.99,4
GOVSPD8,정부지출의 증감8: 문화예술,정치·정부·민주주의,1.0,4
FAMSATIS,가족관계 만족도,가족·젠더·출산,0.0,2
SEXATT1,성관계에 대한 태도1: 혼전성교,기타,0.99,4
SEXATT2,성관계에 대한 태도2: 혼외성교,기타,1.0,4
SEXATT3,성관계에 대한 태도3: 동성성교,기타,0.99,4
RELLEAD1,종교지도자의 선거 투표 영향에 대한 의견,정치·정부·민주주의,0.0,2
RELSCI2,과학과 종교의 신뢰에 대한 의견,종교·전통,0.0,2
RELFUN1,종교의 갈등 유발에 대한 의견,종교·전통,0.0,2
RELFUN2,종교적 신념과 관용에 대한 의견,종교·전통,0.0,2
RELPOWR,종교단체 권력에 평가,종교·전통,0.0,2
MYTH218,미신에 대한 의견2: 점쟁이는 미래 예측 가능,기타,1.0,4
MYTH518,미신에 대한 의견5: 사주가 인생에 영향,기타,1.0,4
REGGRP1,종교집단에 대한 태도1: 개신교,종교·전통,0.0,2
REGGRP2,종교집단에 대한 태도2: 천주교,종교·전통,0.0,2
REGGRP3,종교집단에 대한 태도3: 불교,종교·전통,0.0,2
REGGRP9,종교집단에 대한 태도9: 무신론자 또는 종교인,종교·전통,0.0,2
SUCDWLTH,인생 성공 요인1: 부유한 집안,기타,1.0,3
SUCDPAED,인생 성공 요인2: 부모 교육,가족·젠더·출산,1.0,3
SUCDEDUC,인생 성공 요인3: 본인 학력,기타,1.0,3
SUCDAMBT,인생 성공 요인4: 야망,기타,1.0,3
SUCDEFRT,인생 성공 요인5: 열심히 일,기타,1.0,3
SUCDKNOW,인생 성공 요인6: 좋은 사람 아는 것,기타,1.0,3
SUCDPOL,인생 성공 요인7: 정치적 연고,정치·정부·민주주의,1.0,3
SUCDBRIB,인생 성공 요인8: 뇌물,기타,0.99,3
SUCDRACE,인생 성공 요인9: 인종,기타,0.99,3
SUCDREL,인생 성공 요인10: 종교,종교·전통,0.99,3
SUCDSEX,인생 성공 요인11: 성별,기타,0.99,3
GOVEQINC23,정부의 빈부간 소득격차 축소 책임에 대한 의견,정치·정부·민주주의,1.0,1
RANK,주관적인 계층의식 (10점 척도),기타,1.0,4
POSTMAT1,한국에서 가장 우선적으로 해야 하는 사항1,기타,1.0,2
POSTMAT2,한국에서 가장 우선적으로 해야 하는 사항2,기타,0.98,2
FAIR,일반인의 공정성 평가1,신뢰·기관·사회자본,0.99,4
TYPEINSR,건강 보험 종류,건강·생활·행복,1.0,3
SEXROLE123,성역할에 대한 인식1: 아내는 남편이 경력을 쌓을 수 있도록 내조,가족·젠더·출산,1.0,2
PATRACH123,가부장제 가치에 대한 인식1: 아버지의 권위는 어떤 경우에도 존중,기타,1.0,2
PATRACH223,가부장제 가치에 대한 인식2: 자식은 부모에게 명예가 될 수 있는 일을 하려고 노력,가족·젠더·출산,1.0,2
PATRACH523,가부장제 가치에 대한 인식5: 가계 계승을 위해 아들 필요,기타,1.0,2
PATRACH723,가부장제 가치에 대한 인식7: 자기 자신보다 가족의 안녕과 이해가 우선,가족·젠더·출산,1.0,2
LIFESAT,생활만족도,건강·생활·행복,1.0,3
CHRONIC,만성질환 또는 오래된 건강문제가 있는지 여부,건강·생활·행복,1.0,2
SPOSHLTH23,"배우자 건강: (배우자가 있다면) 전반적으로, 배우자의 건강 상태는 어떻습니까?",건강·생활·행복,0.65,2
HARDSOC1,건강으로 인한 사회활동 제약,건강·생활·행복,1.0,2
MEMB1,조직/모임 가입 및 참여정도1: 정치모임,정치·정부·민주주의,0.99,1
MEMB2,"조직/모임 가입 및 참여정도2: 주민협회, 반상회",기타,0.99,1
MEMB3,조직/모임 가입 및 참여정도3: 사회봉사 클럽,기타,0.99,1
MEMB4,"조직/모임 가입 및 참여정도4: 시민사회단체, 소비자협동조합",기타,0.99,1
MEMB5,조직/모임 가입 및 참여정도5: 종교집단,종교·전통,0.99,1
MEMB6,조직/모임 가입 및 참여정도6: 동창회,기타,0.99,1
MEMB7,조직/모임 가입 및 참여정도7: 여가모임,건강·생활·행복,0.99,1
MEMB8,조직/모임 가입 및 참여정도8: 노동조합,노동·직업,0.99,1
MEMB9,"조직/모임 가입 및 참여정도9: 직업/직능단체, 상거래단체",노동·직업,0.99,1
MEMBACT,지난 1년간 가장 적극적으로 참여했던 조직 또는 모임,기타,0.72,1
CONTACTA,하루 평균 연락 또는 만나는 가족 및 친척 수(동거가족∙친척 제외),가족·젠더·출산,1.0,1
F2FFAMFQ,하루에 대면하는 가족 및 친척 수,가족·젠더·출산,0.9,1
CONTACTB,"하루 평균 접촉 사람 수(가족, 친척 제외)",가족·젠더·출산,1.0,1
F2FNOFMF,귀하는 평소 하루에 접촉한 가족 혹은 친척이 아닌 다른 사람(같이 살고 있는 사람들은 제외) 중 몇 명을 대,가족·젠더·출산,0.95,1
CNTPOSI,자주 접촉하는 가족/친척 이외의 사람들과 응답자 사이의 사회적 특성,가족·젠더·출산,0.97,1
POSGEN1,직종별 친척/친구/지인 존재 여부1: 대학 교수,교육,1.0,1
POSGEN2,직종별 친척/친구/지인 존재 여부2: 변호사,기타,1.0,1
POSGEN3,직종별 친척/친구/지인 존재 여부3: 간호사,기타,1.0,1
POSGEN4,직종별 친척/친구/지인 존재 여부4: 컴퓨터 프로그래머,기타,1.0,1
POSGEN5,직종별 친척/친구/지인 존재 여부5: 중학교 교사,교육,1.0,1
POSGEN6,직종별 친척/친구/지인 존재 여부6: 인사 담당자,기타,0.99,1
POSGEN7,직종별 친척/친구/지인 존재 여부7: 농부,기타,1.0,1
POSGEN8,직종별 친척/친구/지인 존재 여부8: 이/미용사,기타,1.0,1
POSGEN9,직종별 친척/친구/지인 존재 여부9: 안내원,기타,1.0,1
POSGEN10,직종별 친척/친구/지인 존재 여부10: 경찰관,안전·범죄·법,1.0,1
ACQFRN1,외국 거주 친척/친구/지인 존재 여부,지역·주거·교통·개발,1.0,1
HLPRT1,도움요청 대상1: 감정적/심리적 문제,신뢰·기관·사회자본,0.96,1
HLPRT2,도움요청 대상2: 건강 문제,신뢰·기관·사회자본,0.92,1
HLPRT4,도움요청 대상4: 금전적 문제,신뢰·기관·사회자본,0.87,1
HLPRT5,도움요청 대상5: 긴급 혹은 재해 문제,신뢰·기관·사회자본,0.74,1
HLPRTHWK,도움요청 대상6: 가사 문제,신뢰·기관·사회자본,0.88,1
HLPRTCAR,도움요청 대상7: 가족/아이/노인 돌봄 문제,가족·젠더·출산,0.76,1
NGHGRT,서로 인사하고 지내는 이웃의 수,지역·주거·교통·개발,1.0,1
NGHASK,필요할 때 부탁을 할 수 있는 이웃의 수,지역·주거·교통·개발,0.98,1
POLPAR01,참여활동에 대한 의견1: 정부에 내 의견 표명하기 어려움 정도,정치·정부·민주주의,1.0,1
POLPAR02,참여활동에 대한 의견2: 정치와 국정운영에 대한 이해 어려움 정도,정치·정부·민주주의,1.0,1
POLPAR03,참여활동에 대한 의견3: 정치에 대한 관심도,정치·정부·민주주의,1.0,1
POLPAR04,참여활동에 대한 의견4: 사회에 기여하고 싶은 의향,기타,0.99,1
POLPAR05,참여활동에 대한 의견5: 이웃사람들 사이의 관심 정도,지역·주거·교통·개발,0.99,1
POLPAR06,참여활동에 대한 의견6: 이웃사람들의 나에 대한 도움,신뢰·기관·사회자본,0.97,1
PERTRT1,대인 신뢰1: 친척,신뢰·기관·사회자본,1.0,1
PERTRT2,대인 신뢰2: 친구,신뢰·기관·사회자본,1.0,1
PERTRT3,대인 신뢰3: 이웃,신뢰·기관·사회자본,0.99,1
PERTRT4,대인 신뢰4: 직장동료,노동·직업,0.84,1
PERTRT5,대인 신뢰5: 낯선 사람,신뢰·기관·사회자본,0.98,1
PERTRT6,대인 신뢰6: 의사,신뢰·기관·사회자본,1.0,1
PERTRT7,대인 신뢰7: 은행원,신뢰·기관·사회자본,0.99,1
PERTRT8,대인 신뢰8: 회사 임원,신뢰·기관·사회자본,0.93,1
PERTRT9,대인 신뢰9: 언론인,신뢰·기관·사회자본,0.97,1
PERTRT10,대인 신뢰10: 비정부조직 / 비영리조직의 장,정치·정부·민주주의,0.95,1
PERTRT11,대인 신뢰11: 학교교사,신뢰·기관·사회자본,0.99,1
PERTRT12,대인 신뢰12: 지방정부 공무원,정치·정부·민주주의,0.99,1
PERTRT13,대인 신뢰13: 중앙정부 공무원,정치·정부·민주주의,0.98,1
PERTRT14,대인 신뢰14: 경찰관,신뢰·기관·사회자본,0.99,1
PERTRT15,대인 신뢰15: 군 장교,신뢰·기관·사회자본,0.97,1
PERTRT16,대인 신뢰16: 판사,신뢰·기관·사회자본,0.97,1
PERTRT17,대인 신뢰17: 검사,신뢰·기관·사회자본,0.98,1
HUMNAT,인간의 본성의 선악에 대한 의견,기타,0.99,4
RESIHOW,같은 지역(동네/도시)내 거주 기간,지역·주거·교통·개발,1.0,1
SIMNONKN,생각과 행동이 비슷한 사람과 다른 사람 중 더 많이 접촉하는 사람,기타,0.97,1
GIVELTFM,지원 제공_개인적 문제나 고민 들어 주기: 같이 사는 가족,가족·젠더·출산,1.0,1
GIVELTNF,지원 제공_개인적 문제나 고민 들어 주기: 기타 친척,기타,1.0,1
GIVELTWK,지원 제공_개인적 문제나 고민 들어 주기: 직장 동료,노동·직업,1.0,1
GIVELTNE,지원 제공_개인적 문제나 고민 들어 주기: 이웃,지역·주거·교통·개발,1.0,1
GIVELTFR,지원 제공_개인적 문제나 고민 들어 주기: 친구,기타,1.0,1
GIVELTNO,지원 제공_개인적 문제나 고민 들어 주기: 아무도 돕지 않았다,기타,1.0,1
GIVELTNN,지원 제공_개인적 문제나 고민 들어 주기: 그러한 요구가 전혀 없었다,기타,1.0,1
GIVEECFM,지원 제공_경제적으로 지원하기: 같이 사는 가족,경제·복지·세금·불평등,1.0,1
GIVEECNF,지원 제공_경제적으로 지원하기: 기타 친척,경제·복지·세금·불평등,1.0,1
GIVEECWK,지원 제공_경제적으로 지원하기: 직장 동료,경제·복지·세금·불평등,1.0,1
GIVEECNE,지원 제공_경제적으로 지원하기: 이웃,경제·복지·세금·불평등,1.0,1
GIVEECFR,지원 제공_경제적으로 지원하기: 친구,경제·복지·세금·불평등,1.0,1
GIVEECNO,지원 제공_경제적으로 지원하기: 아무도 돕지 않았다,경제·복지·세금·불평등,1.0,1
GIVEECNN,지원 제공_경제적으로 지원하기: 그러한 요구가 전혀 없었다,경제·복지·세금·불평등,1.0,1
GIVECRFM,지원 제공_가사일이나 돌봄 제공하기: 같이 사는 가족,가족·젠더·출산,1.0,1
GIVECRNF,지원 제공_가사일이나 돌봄 제공하기: 기타 친척,기타,1.0,1
GIVECRWK,지원 제공_가사일이나 돌봄 제공하기: 직장 동료,노동·직업,1.0,1
GIVECRNE,지원 제공_가사일이나 돌봄 제공하기: 이웃,지역·주거·교통·개발,1.0,1
GIVECRFR,지원 제공_가사일이나 돌봄 제공하기: 친구,기타,1.0,1
GIVECRNO,지원 제공_가사일이나 돌봄 제공하기: 아무도 돕지 않았다,기타,1.0,1
GIVECRNN,지원 제공_가사일이나 돌봄 제공하기: 그러한 요구가 전혀 없었다,기타,1.0,1
LONE4WKS,지난 한 달간 감정 경험1: 교제 부족,기타,0.99,2
ISOL4WKS,지난 한 달간 감정 경험2: 고립감,기타,0.99,2
LEFT4WKS,지난 한 달간 감정 경험3: 소외감,기타,0.99,2
VOLUN12M,지난 1년간 봉사 및 자선 단체 활동 참여 경험,기타,1.0,1
LOTR323,미래에 대한 낙관적 태도 여부,기타,0.99,1
CESD1,지난 한 주간 감정 경험1: 우울감,건강·생활·행복,1.0,2
CESD2,지난 한 주간 감정 경험2: 허무감,기타,1.0,2
CESD3,지난 한 주간 감정 경험3: 불면증,기타,1.0,2
CESD4,지난 한 주간 감정 경험4: 행복감,건강·생활·행복,0.99,2
CESD5,지난 한 주간 감정 경험5: 외로움,기타,1.0,2
CESD6,지난 한 주간 감정 경험6: 즐거움,기타,1.0,2
CESD7,지난 한 주간 감정 경험7: 슬픔,기타,1.0,2
CESD8,지난 한 주간 감정 경험8: 무력감,기타,1.0,2
CESD9,지난 한 주간 감정 경험9: 활력감,기타,1.0,1
CESD10,지난 한 주간 감정 경험10: 불안감,기타,1.0,1
CESD11,지난 한 주간 감정 경험11: 평온함,기타,1.0,1
SELFLIF1,삶을 결정할 자유가 있는지 여부,기타,1.0,1
SELFLIF2,내 능력을 보여줄 기회가 있는지 여부,기타,1.0,1
SELFLIF3,일에서 성취감을 느끼는지 여부,기타,0.99,1
SOCNET1,동네 사람들이 서로를 돕는지 여부,지역·주거·교통·개발,0.93,1
SOCNET2,사람들이 나를 존중하는지 여부,기타,0.95,1
SELFLIF4,내가 하는 일이 가치 있고 타인에게 도움이 된다고 느끼는지 여부,신뢰·기관·사회자본,0.99,1
SELFLIF5,내가 잘하는 일이 많다고 느끼는지 여부,기타,0.99,1
SOCNET3,동네 사람들에게 친밀감을 느끼는지 여부,지역·주거·교통·개발,0.98,1
SELFLIF6,원하는 일을 하는 데 투자하는 시간,기타,0.99,1
SOCNET4,주변 환경과 사람들에 대한 관심 정도,환경·에너지·원자력,1.0,1
SOCNET5,지인들로부터의 도움과 지원 제공 정도,신뢰·기관·사회자본,0.99,1
SOCNET6,지인들에 대한 도움과 지원 제공 정도,신뢰·기관·사회자본,0.99,1
SOCNET7,주변 사람들과 사교적 만남 여부,기타,0.99,1
SOCNET8,개인적 문제를 의논할 수 있는 사람 수,기타,1.0,1
SOCNET9,또래 대비 사교활동 참여 정도,기타,0.99,1
RELATE,응답자와의 관계,기타,1.0,4
AWAY,응답자 동거여부,기타,1.0,4
RELATE2,가구원2: 응답자와의 관계,기타,0.65,4
GENDER2,가구원2: 성별,기타,0.65,4
OLD2,가구원2: 연령(만),기타,0.65,4
MAR2,가구원2: 혼인상태,기타,0.65,4
AWAY2,가구원2: 동거여부,기타,0.65,4
EMPLY2,가구원2: 취업여부,기타,0.65,4
HHWHO,가구주 가구원번호,기타,1.0,4
HDHEAD,가구주와 응답자와의관계,기타,1.0,4
HHSEX,가구주: 성별,기타,1.0,4
HHAGE,가구주: 연령(만),기타,1.0,4
HHMARI,가구주: 혼인상태,기타,0.99,4
HHAWAY,가구주와 동거여부,기타,1.0,4
HHEMPLY,가구주: 취업 여부,기타,1.0,4
HHDNO,가구번호,기타,1.0,4
HOMPOP,"동거가족수 (응답자포함, 별거가족제외)",가족·젠더·출산,1.0,4
SEPAPOP,별거가족수,가족·젠더·출산,1.0,4
UNRELAT,가족 아닌 동거인 수,가족·젠더·출산,1.0,4
REGION,지역,지역·주거·교통·개발,1.0,4
URBAN,도시/농촌,기타,1.0,4
SAMPLEAB,설문지 유형,기타,1.0,4
INTDATM,면접 월,기타,1.0,4
INTDATD,면접 일,기타,1.0,4
